Model,MAE,MAPE,MSE,RMSE,MSLE,RMSLE,R2,AdjR2
XGBoost,0.0694,1.8,0.0086,0.0926,0.0003,0.0184,0.9978,0.9976
TCN-GNN,0.2214,6.06,0.1193,0.3454,0.0042,0.0651,0.9683,0.9671
LSTM-3,0.4509,11.88,0.3329,0.5769,0.0142,0.119,0.9172,0.9142
LSTM-GRU-1,0.4413,11.53,0.3388,0.5821,0.0142,0.1193,0.9162,0.9132
ANN-ReLU,0.5242,14.38,0.4094,0.6399,0.0157,0.1252,0.912,0.9073
LSTM-1,0.4797,12.18,0.3654,0.6045,0.0144,0.1199,0.9096,0.9064
LSTM-2,0.4805,12.58,0.3674,0.6061,0.0157,0.1252,0.9089,0.9057
GRU-1,0.4833,12.5,0.3755,0.6128,0.0142,0.1192,0.9067,0.9034
GRU-2,0.4981,13.38,0.3801,0.6165,0.0148,0.1218,0.9061,0.9028
CNN-3,0.4969,14.81,0.3823,0.6183,0.0179,0.1337,0.9057,0.9023
GRU-3,0.4783,11.98,0.3855,0.6209,0.0143,0.1198,0.904,0.9005
LSTM-GRU-2,0.5395,13.59,0.4417,0.6646,0.0169,0.1301,0.8901,0.8862
CNN-GRU-1,0.5308,14.3,0.4481,0.6694,0.0182,0.1349,0.8893,0.8853
CNN-GRU-2,0.5496,13.99,0.5081,0.7128,0.0199,0.1409,0.8744,0.8699
CNN-LSTM-1,0.5817,16.34,0.5402,0.735,0.0229,0.1512,0.867,0.8623
CNN-LSTM-2,0.5215,13.11,0.5368,0.7327,0.0205,0.1432,0.867,0.8622
TCN-1,0.559,13.76,0.5526,0.7434,0.0184,0.1356,0.8629,0.858
CNN-2,0.6084,18.73,0.5916,0.7691,0.028,0.1675,0.8566,0.8515
TCN-2,0.6031,16.65,0.6174,0.7857,0.0283,0.1683,0.8476,0.8422
TCN-3,0.8688,26.85,1.1357,1.0657,0.0494,0.2224,0.7261,0.7163
CNN-1,1.418,33.85,3.0034,1.733,0.0944,0.3072,0.2789,0.2531
TCN-LSTM-2,1.8012,55.9,4.2046,2.0505,0.1655,0.4068,-0.0036,-0.0395
TCN-GRU-1,1.801,54.77,4.2268,2.0559,0.1639,0.4049,-0.0094,-0.0455
TCN-LSTM-1,1.8014,54.17,4.2444,2.0602,0.1633,0.4041,-0.014,-0.0502
TCN-GRU-2,1.805,53.52,4.2704,2.0665,0.1626,0.4032,-0.0202,-0.0566
